﻿<?xml version="1.0" encoding="utf-8"?>
<abapGit version="v1.0.0" serializer="LCL_OBJECT_TTYP" serializer_version="v1.0.0">
 <asx:abap xmlns:asx="http://www.sap.com/abapxml" version="1.0">
  <asx:values>
   <DD40V>
    <TYPENAME>/DMO/TT_BOOKSUPPL_M</TYPENAME>
    <DDLANGUAGE>E</DDLANGUAGE>
    <ROWTYPE>/DMO/BOOKSUPPL_M</ROWTYPE>
    <ROWKIND>S</ROWKIND>
    <DATATYPE>STRU</DATATYPE>
    <ACCESSMODE>T</ACCESSMODE>
    <KEYDEF>D</KEYDEF>
    <KEYKIND>N</KEYKIND>
    <DDTEXT>Flight Reference Scenario: Book Suppl Table Type</DDTEXT>
    <ABAP_LANGUAGE_VERSION>5</ABAP_LANGUAGE_VERSION>
   </DD40V>
  </asx:values>
 </asx:abap>
</abapGit>
