﻿<?xml version="1.0" encoding="utf-8"?>
<abapGit version="v1.0.0" serializer="LCL_OBJECT_ENHO" serializer_version="v1.0.0">
 <asx:abap xmlns:asx="http://www.sap.com/abapxml" version="1.0">
  <asx:values>
   <TOOL>BADI_IMPL</TOOL>
   <SHORTTEXT>Hierarchy: Draft: Data Generator</SHORTTEXT>
   <SPOT_NAME>/DMO/DATA_GENERATION_ENH_SPOT</SPOT_NAME>
   <IMPL>
    <ENH_BADI_IMPL_DATA>
     <SPOT_NAME>/DMO/DATA_GENERATION_ENH_SPOT</SPOT_NAME>
     <BADI_NAME>/DMO/DATA_GENERATION_BADI</BADI_NAME>
     <IMPL_NAME>/DMO/DATA_GEN_EMPLOYEE_HD</IMPL_NAME>
     <IMPL_CLASS>/DMO/CL_DATA_GEN_HIERARCHYDRFT</IMPL_CLASS>
     <ACTIVE>X</ACTIVE>
     <IMPL_SHORTTEXT>Hierarchy: Draft: Data Generator</IMPL_SHORTTEXT>
     <IMPL_SHORTTEXT_ID>42010AEF4DA91EEE9FB59D094F7F5DDE</IMPL_SHORTTEXT_ID>
     <LOCKED_IN_CUSTOMIZING>X</LOCKED_IN_CUSTOMIZING>
    </ENH_BADI_IMPL_DATA>
   </IMPL>
   <SOTR>
    <item>
     <HEADER>
      <CONCEPT>42010AEF4DA91EEE9FB58DF0DD191DDE</CONCEPT>
      <CREA_LAN>E</CREA_LAN>
      <TRALA_TYPE>1</TRALA_TYPE>
      <OBJID_VEC>AAI=</OBJID_VEC>
     </HEADER>
     <ENTRIES>
      <SOTR_TEXT>
       <CONCEPT>42010AEF4DA91EEE9FB58DF0DD191DDE</CONCEPT>
       <LANGU>E</LANGU>
       <LFD_NUM>0001</LFD_NUM>
       <FLAG_CNTXT>X</FLAG_CNTXT>
       <STATUS>R</STATUS>
       <LENGTH>255</LENGTH>
       <TEXT>Hierarchy: Draft: Data Generator</TEXT>
      </SOTR_TEXT>
     </ENTRIES>
    </item>
    <item>
     <HEADER>
      <CONCEPT>42010AEF4DA91EEE9FB59D094F7F5DDE</CONCEPT>
      <CREA_LAN>E</CREA_LAN>
      <TRALA_TYPE>1</TRALA_TYPE>
      <OBJID_VEC>AAI=</OBJID_VEC>
     </HEADER>
     <ENTRIES>
      <SOTR_TEXT>
       <CONCEPT>42010AEF4DA91EEE9FB59D094F7F5DDE</CONCEPT>
       <LANGU>E</LANGU>
       <LFD_NUM>0001</LFD_NUM>
       <FLAG_CNTXT>X</FLAG_CNTXT>
       <STATUS>R</STATUS>
       <LENGTH>255</LENGTH>
       <TEXT>Hierarchy: Draft: Data Generator</TEXT>
      </SOTR_TEXT>
     </ENTRIES>
    </item>
   </SOTR>
   <SOTR_USE>
    <SOTR_USE>
     <PGMID>R3TR</PGMID>
     <OBJECT>ENHO</OBJECT>
     <OBJ_NAME>/DMO/DATA_GEN_EMPLOYEE_HD</OBJ_NAME>
     <CONCEPT>42010AEF4DA91EEE9FB58DF0DD191DDE</CONCEPT>
     <LFD_NUM>0001</LFD_NUM>
    </SOTR_USE>
    <SOTR_USE>
     <PGMID>R3TR</PGMID>
     <OBJECT>ENHO</OBJECT>
     <OBJ_NAME>/DMO/DATA_GEN_EMPLOYEE_HD</OBJ_NAME>
     <CONCEPT>42010AEF4DA91EEE9FB59D094F7F5DDE</CONCEPT>
     <LFD_NUM>0001</LFD_NUM>
    </SOTR_USE>
   </SOTR_USE>
  </asx:values>
 </asx:abap>
</abapGit>
