﻿<?xml version="1.0" encoding="utf-8"?>
<abapGit version="v1.0.0" serializer="LCL_OBJECT_SUSO" serializer_version="v1.0.0">
 <asx:abap xmlns:asx="http://www.sap.com/abapxml" version="1.0">
  <asx:values>
   <TOBJ>
    <OBJCT>/DMO/TRVL</OBJCT>
    <FIEL1>ACTVT</FIEL1>
    <FIEL2>/DMO/CNTRY</FIEL2>
    <OCLSS>CPAE</OCLSS>
   </TOBJ>
   <TOBJ_ATTR>
    <OBJCT>/DMO/TRVL</OBJCT>
    <ABAP_LANGUAGE_VERSION>5</ABAP_LANGUAGE_VERSION>
   </TOBJ_ATTR>
   <TOBJT>
    <LANGU>E</LANGU>
    <OBJECT>/DMO/TRVL</OBJECT>
    <TTEXT>Authorization Object for Travel Scenario</TTEXT>
   </TOBJT>
   <TACTZ>
    <TACTZ>
     <BROBJ>/DMO/TRVL</BROBJ>
     <ACTVT>01</ACTVT>
    </TACTZ>
    <TACTZ>
     <BROBJ>/DMO/TRVL</BROBJ>
     <ACTVT>02</ACTVT>
    </TACTZ>
    <TACTZ>
     <BROBJ>/DMO/TRVL</BROBJ>
     <ACTVT>03</ACTVT>
    </TACTZ>
    <TACTZ>
     <BROBJ>/DMO/TRVL</BROBJ>
     <ACTVT>06</ACTVT>
    </TACTZ>
   </TACTZ>
  </asx:values>
 </asx:abap>
</abapGit>
