﻿<?xml version="1.0" encoding="utf-8"?>
<abapGit version="v1.0.0" serializer="LCL_OBJECT_NROB" serializer_version="v1.0.0">
 <asx:abap xmlns:asx="http://www.sap.com/abapxml" version="1.0">
  <asx:values>
   <ATTRIBUTES>
    <OBJECT>/DMO/TRAVL</OBJECT>
    <DOMLEN>/DMO/TRAVEL_ID</DOMLEN>
    <PERCENTAGE>10.0</PERCENTAGE>
    <BUFFER>X</BUFFER>
    <NOIVBUFFER>00000001</NOIVBUFFER>
    <NONRSWAP>X</NONRSWAP>
   </ATTRIBUTES>
   <TEXT>
    <LANGU>E</LANGU>
    <OBJECT>/DMO/TRAVL</OBJECT>
    <TXT>Travel</TXT>
    <TXTSHORT>Travel</TXTSHORT>
   </TEXT>
  </asx:values>
 </asx:abap>
</abapGit>
