﻿<?xml version="1.0" encoding="utf-8"?>
<abapGit version="v1.0.0" serializer="LCL_OBJECT_MSAG" serializer_version="v1.0.0">
 <asx:abap xmlns:asx="http://www.sap.com/abapxml" version="1.0">
  <asx:values>
   <T100A>
    <ARBGB>/DMO/CM_FLIGHT_LEGAC</ARBGB>
    <MASTERLANG>E</MASTERLANG>
    <STEXT>Flight Reference Scenario: Messages</STEXT>
   </T100A>
   <T100>
    <T100>
     <SPRSL>E</SPRSL>
     <ARBGB>/DMO/CM_FLIGHT_LEGAC</ARBGB>
     <MSGNR>000</MSGNR>
    </T100>
    <T100>
     <SPRSL>E</SPRSL>
     <ARBGB>/DMO/CM_FLIGHT_LEGAC</ARBGB>
     <MSGNR>001</MSGNR>
     <TEXT>Agency &amp;1 unknown</TEXT>
    </T100>
    <T100>
     <SPRSL>E</SPRSL>
     <ARBGB>/DMO/CM_FLIGHT_LEGAC</ARBGB>
     <MSGNR>002</MSGNR>
     <TEXT>Customer &amp;1 unknown</TEXT>
    </T100>
    <T100>
     <SPRSL>E</SPRSL>
     <ARBGB>/DMO/CM_FLIGHT_LEGAC</ARBGB>
     <MSGNR>004</MSGNR>
     <TEXT>Connection &amp;2 of Carrier &amp;1 unknown</TEXT>
    </T100>
    <T100>
     <SPRSL>E</SPRSL>
     <ARBGB>/DMO/CM_FLIGHT_LEGAC</ARBGB>
     <MSGNR>005</MSGNR>
     <TEXT>Carrier &amp;1 unkown</TEXT>
    </T100>
    <T100>
     <SPRSL>E</SPRSL>
     <ARBGB>/DMO/CM_FLIGHT_LEGAC</ARBGB>
     <MSGNR>006</MSGNR>
     <TEXT>Supplement &amp;1 unknown</TEXT>
    </T100>
    <T100>
     <SPRSL>E</SPRSL>
     <ARBGB>/DMO/CM_FLIGHT_LEGAC</ARBGB>
     <MSGNR>007</MSGNR>
     <TEXT>Invalid booking status &amp;1</TEXT>
    </T100>
    <T100>
     <SPRSL>E</SPRSL>
     <ARBGB>/DMO/CM_FLIGHT_LEGAC</ARBGB>
     <MSGNR>008</MSGNR>
     <TEXT>Currency &amp;1 unknown</TEXT>
    </T100>
    <T100>
     <SPRSL>E</SPRSL>
     <ARBGB>/DMO/CM_FLIGHT_LEGAC</ARBGB>
     <MSGNR>009</MSGNR>
     <TEXT>Travel key initial</TEXT>
    </T100>
    <T100>
     <SPRSL>E</SPRSL>
     <ARBGB>/DMO/CM_FLIGHT_LEGAC</ARBGB>
     <MSGNR>013</MSGNR>
     <TEXT>Enter Begin Date for Travel &amp;1</TEXT>
    </T100>
    <T100>
     <SPRSL>E</SPRSL>
     <ARBGB>/DMO/CM_FLIGHT_LEGAC</ARBGB>
     <MSGNR>014</MSGNR>
     <TEXT>Enter End Date for Travel &amp;1</TEXT>
    </T100>
    <T100>
     <SPRSL>E</SPRSL>
     <ARBGB>/DMO/CM_FLIGHT_LEGAC</ARBGB>
     <MSGNR>015</MSGNR>
     <TEXT>Begin Date &amp;1 must not be after End Date &amp;2 for Travel &amp;3</TEXT>
    </T100>
    <T100>
     <SPRSL>E</SPRSL>
     <ARBGB>/DMO/CM_FLIGHT_LEGAC</ARBGB>
     <MSGNR>016</MSGNR>
     <TEXT>Travel &amp;1 does not exist</TEXT>
    </T100>
    <T100>
     <SPRSL>E</SPRSL>
     <ARBGB>/DMO/CM_FLIGHT_LEGAC</ARBGB>
     <MSGNR>017</MSGNR>
     <TEXT>Travel &amp;1: Booking &amp;2 does not exist</TEXT>
    </T100>
    <T100>
     <SPRSL>E</SPRSL>
     <ARBGB>/DMO/CM_FLIGHT_LEGAC</ARBGB>
     <MSGNR>018</MSGNR>
     <TEXT>Travel &amp;1: Booking key initial</TEXT>
    </T100>
    <T100>
     <SPRSL>E</SPRSL>
     <ARBGB>/DMO/CM_FLIGHT_LEGAC</ARBGB>
     <MSGNR>019</MSGNR>
     <TEXT>Travel &amp;1: Booking &amp;2: Invalid Booking Date &amp;3</TEXT>
    </T100>
    <T100>
     <SPRSL>E</SPRSL>
     <ARBGB>/DMO/CM_FLIGHT_LEGAC</ARBGB>
     <MSGNR>020</MSGNR>
     <TEXT>Flight Carrier &amp;1 Connection &amp;2 Date &amp;3 unknown</TEXT>
    </T100>
    <T100>
     <SPRSL>E</SPRSL>
     <ARBGB>/DMO/CM_FLIGHT_LEGAC</ARBGB>
     <MSGNR>021</MSGNR>
     <TEXT>Travel &amp;1: Booking &amp;2: Supplement &amp;3 does not exist</TEXT>
    </T100>
    <T100>
     <SPRSL>E</SPRSL>
     <ARBGB>/DMO/CM_FLIGHT_LEGAC</ARBGB>
     <MSGNR>022</MSGNR>
     <TEXT>Travel &amp;1: Booking &amp;2: Supplement key initial</TEXT>
    </T100>
    <T100>
     <SPRSL>E</SPRSL>
     <ARBGB>/DMO/CM_FLIGHT_LEGAC</ARBGB>
     <MSGNR>023</MSGNR>
     <TEXT>Travel &amp;1: Booking &amp;2: Record already exists</TEXT>
    </T100>
    <T100>
     <SPRSL>E</SPRSL>
     <ARBGB>/DMO/CM_FLIGHT_LEGAC</ARBGB>
     <MSGNR>024</MSGNR>
     <TEXT>Travel &amp;1: Booking &amp;2: Booking Supplement &amp;3: Record already exists</TEXT>
    </T100>
    <T100>
     <SPRSL>E</SPRSL>
     <ARBGB>/DMO/CM_FLIGHT_LEGAC</ARBGB>
     <MSGNR>025</MSGNR>
     <TEXT>Travel &amp;1: Control data missing</TEXT>
    </T100>
    <T100>
     <SPRSL>E</SPRSL>
     <ARBGB>/DMO/CM_FLIGHT_LEGAC</ARBGB>
     <MSGNR>026</MSGNR>
     <TEXT>Travel &amp;1: Booking &amp;2: Control data missing</TEXT>
    </T100>
    <T100>
     <SPRSL>E</SPRSL>
     <ARBGB>/DMO/CM_FLIGHT_LEGAC</ARBGB>
     <MSGNR>027</MSGNR>
     <TEXT>Travel &amp;1: Booking &amp;2: Booking Supplement &amp;3: Control data missing</TEXT>
    </T100>
    <T100>
     <SPRSL>E</SPRSL>
     <ARBGB>/DMO/CM_FLIGHT_LEGAC</ARBGB>
     <MSGNR>028</MSGNR>
     <TEXT>Travel &amp;1: Booking &amp;2: Booking Suppl &amp;3: Supplement ID cannot be changed</TEXT>
    </T100>
    <T100>
     <SPRSL>E</SPRSL>
     <ARBGB>/DMO/CM_FLIGHT_LEGAC</ARBGB>
     <MSGNR>029</MSGNR>
     <TEXT>Travel &amp;1: Booking &amp;2: Booking Suppl &amp;3: Change Price and Currency</TEXT>
    </T100>
    <T100>
     <SPRSL>E</SPRSL>
     <ARBGB>/DMO/CM_FLIGHT_LEGAC</ARBGB>
     <MSGNR>030</MSGNR>
     <TEXT>Travel &amp;1: Booking &amp;2: Flight cannot be changed</TEXT>
    </T100>
    <T100>
     <SPRSL>E</SPRSL>
     <ARBGB>/DMO/CM_FLIGHT_LEGAC</ARBGB>
     <MSGNR>031</MSGNR>
     <TEXT>Travel &amp;1: Booking &amp;2: Change Price and Currency</TEXT>
    </T100>
    <T100>
     <SPRSL>E</SPRSL>
     <ARBGB>/DMO/CM_FLIGHT_LEGAC</ARBGB>
     <MSGNR>032</MSGNR>
     <TEXT>Travel &amp;1 is locked by &amp;2</TEXT>
    </T100>
    <T100>
     <SPRSL>E</SPRSL>
     <ARBGB>/DMO/CM_FLIGHT_LEGAC</ARBGB>
     <MSGNR>033</MSGNR>
     <TEXT>Travel &amp;1 already exists</TEXT>
    </T100>
    <T100>
     <SPRSL>E</SPRSL>
     <ARBGB>/DMO/CM_FLIGHT_LEGAC</ARBGB>
     <MSGNR>036</MSGNR>
     <TEXT>Travel ID is initial for Travel &amp;1</TEXT>
    </T100>
    <T100>
     <SPRSL>E</SPRSL>
     <ARBGB>/DMO/CM_FLIGHT_LEGAC</ARBGB>
     <MSGNR>037</MSGNR>
     <TEXT>Travel status not valid for Travel &amp;1</TEXT>
    </T100>
    <T100>
     <SPRSL>E</SPRSL>
     <ARBGB>/DMO/CM_FLIGHT_LEGAC</ARBGB>
     <MSGNR>038</MSGNR>
     <TEXT>Begin Date &amp;1 must be on or after system date</TEXT>
    </T100>
    <T100>
     <SPRSL>E</SPRSL>
     <ARBGB>/DMO/CM_FLIGHT_LEGAC</ARBGB>
     <MSGNR>039</MSGNR>
     <TEXT>End Date &amp;1 must be on or after Begin Date</TEXT>
    </T100>
    <T100>
     <SPRSL>E</SPRSL>
     <ARBGB>/DMO/CM_FLIGHT_LEGAC</ARBGB>
     <MSGNR>040</MSGNR>
     <TEXT>Travel &amp;1:Enter Begin Date for Booking &amp;2</TEXT>
    </T100>
    <T100>
     <SPRSL>E</SPRSL>
     <ARBGB>/DMO/CM_FLIGHT_LEGAC</ARBGB>
     <MSGNR>041</MSGNR>
     <TEXT>Currency Code is initial and Total Price is provided for Travel &amp;1</TEXT>
    </T100>
    <T100>
     <SPRSL>E</SPRSL>
     <ARBGB>/DMO/CM_FLIGHT_LEGAC</ARBGB>
     <MSGNR>042</MSGNR>
     <TEXT>Travel &amp;1: Booking &amp;2: Flight Date must be on or after Booking Date</TEXT>
    </T100>
    <T100>
     <SPRSL>E</SPRSL>
     <ARBGB>/DMO/CM_FLIGHT_LEGAC</ARBGB>
     <MSGNR>043</MSGNR>
     <TEXT>Travel &amp;1: Booking &amp;2: Booking Date must be on or after system date</TEXT>
    </T100>
    <T100>
     <SPRSL>E</SPRSL>
     <ARBGB>/DMO/CM_FLIGHT_LEGAC</ARBGB>
     <MSGNR>044</MSGNR>
     <TEXT>Enter Customer ID for Travel &amp;1</TEXT>
    </T100>
    <T100>
     <SPRSL>E</SPRSL>
     <ARBGB>/DMO/CM_FLIGHT_LEGAC</ARBGB>
     <MSGNR>045</MSGNR>
     <TEXT>Enter Agency ID for Travel &amp;1</TEXT>
    </T100>
    <T100>
     <SPRSL>E</SPRSL>
     <ARBGB>/DMO/CM_FLIGHT_LEGAC</ARBGB>
     <MSGNR>046</MSGNR>
     <TEXT>You are not authorized to perform this activity</TEXT>
    </T100>
    <T100>
     <SPRSL>E</SPRSL>
     <ARBGB>/DMO/CM_FLIGHT_LEGAC</ARBGB>
     <MSGNR>047</MSGNR>
     <TEXT>Invalid discount: Enter a number between 1 an 100</TEXT>
    </T100>
    <T100>
     <SPRSL>E</SPRSL>
     <ARBGB>/DMO/CM_FLIGHT_LEGAC</ARBGB>
     <MSGNR>050</MSGNR>
     <TEXT>No Flight &amp;1 &amp;2 for FlightDate &amp;3</TEXT>
    </T100>
    <T100>
     <SPRSL>E</SPRSL>
     <ARBGB>/DMO/CM_FLIGHT_LEGAC</ARBGB>
     <MSGNR>051</MSGNR>
     <TEXT>Enter AirlineID for Booking &amp;1</TEXT>
    </T100>
    <T100>
     <SPRSL>E</SPRSL>
     <ARBGB>/DMO/CM_FLIGHT_LEGAC</ARBGB>
     <MSGNR>052</MSGNR>
     <TEXT>Enter ConnectionID for Booking &amp;1</TEXT>
    </T100>
    <T100>
     <SPRSL>E</SPRSL>
     <ARBGB>/DMO/CM_FLIGHT_LEGAC</ARBGB>
     <MSGNR>053</MSGNR>
     <TEXT>Enter Flight Date for Booking&amp;1</TEXT>
    </T100>
    <T100>
     <SPRSL>E</SPRSL>
     <ARBGB>/DMO/CM_FLIGHT_LEGAC</ARBGB>
     <MSGNR>054</MSGNR>
     <TEXT>Enter SupplementID for BookingSupplement &amp;1</TEXT>
    </T100>
    <T100>
     <SPRSL>E</SPRSL>
     <ARBGB>/DMO/CM_FLIGHT_LEGAC</ARBGB>
     <MSGNR>055</MSGNR>
     <TEXT>Supplement &amp;1 unknown</TEXT>
    </T100>
    <T100>
     <SPRSL>E</SPRSL>
     <ARBGB>/DMO/CM_FLIGHT_LEGAC</ARBGB>
     <MSGNR>056</MSGNR>
     <TEXT>Enter Customer ID for Booking &amp;1</TEXT>
    </T100>
    <T100>
     <SPRSL>E</SPRSL>
     <ARBGB>/DMO/CM_FLIGHT_LEGAC</ARBGB>
     <MSGNR>057</MSGNR>
     <TEXT>Only &amp;1 Travel(s) can be created!</TEXT>
    </T100>
    <T100>
     <SPRSL>E</SPRSL>
     <ARBGB>/DMO/CM_FLIGHT_LEGAC</ARBGB>
     <MSGNR>058</MSGNR>
     <TEXT>No new Travels can be created anymore!</TEXT>
    </T100>
   </T100>
  </asx:values>
 </asx:abap>
</abapGit>
