﻿<?xml version="1.0" encoding="utf-8"?>
<abapGit version="v1.0.0" serializer="LCL_OBJECT_TABL" serializer_version="v1.0.0">
 <asx:abap xmlns:asx="http://www.sap.com/abapxml" version="1.0">
  <asx:values>
   <DD02V>
    <TABNAME>/DMO/ZZ_S_EXT_AGENCY_SLOGAN</TABNAME>
    <DDLANGUAGE>E</DDLANGUAGE>
    <TABCLASS>APPEND</TABCLASS>
    <SQLTAB>/DMO/S_EXT_INCL_AGENCY</SQLTAB>
    <DDTEXT>Extend structure</DDTEXT>
    <MASTERLANG>E</MASTERLANG>
    <EXCLASS>1</EXCLASS>
   </DD02V>
   <DD03P_TABLE>
    <DD03P>
     <FIELDNAME>/DMO/ZZSLOGANZAG</FIELDNAME>
     <ROLLNAME>/DMO/ZZ_SLOGAN</ROLLNAME>
     <ADMINFIELD>0</ADMINFIELD>
     <COMPTYPE>E</COMPTYPE>
    </DD03P>
   </DD03P_TABLE>
  </asx:values>
 </asx:abap>
</abapGit>
