﻿<?xml version="1.0" encoding="utf-8"?>
<abapGit version="v1.0.0" serializer="LCL_OBJECT_DOMA" serializer_version="v1.0.0">
 <asx:abap xmlns:asx="http://www.sap.com/abapxml" version="1.0">
  <asx:values>
   <DD01V>
    <DOMNAME>/DMO/SALARY</DOMNAME>
    <DDLANGUAGE>E</DDLANGUAGE>
    <DATATYPE>CURR</DATATYPE>
    <LENG>000021</LENG>
    <OUTPUTLEN>000028</OUTPUTLEN>
    <DECIMALS>000002</DECIMALS>
    <DDTEXT>Salary</DDTEXT>
    <DOMMASTER>E</DOMMASTER>
   </DD01V>
  </asx:values>
 </asx:abap>
</abapGit>
