﻿<?xml version="1.0" encoding="utf-8"?>
<abapGit version="v1.0.0" serializer="LCL_OBJECT_DTEL" serializer_version="v1.0.0">
 <asx:abap xmlns:asx="http://www.sap.com/abapxml" version="1.0">
  <asx:values>
   <DD04V>
    <ROLLNAME>/DMO/SIBLING_ORDER_NUMBER</ROLLNAME>
    <DDLANGUAGE>E</DDLANGUAGE>
    <DOMNAME>/DMO/SIBLING_ORDER_NUMBER</DOMNAME>
    <HEADLEN>55</HEADLEN>
    <SCRLEN1>10</SCRLEN1>
    <SCRLEN2>20</SCRLEN2>
    <SCRLEN3>40</SCRLEN3>
    <DDTEXT>Hierarchy: Sibling Order Number</DDTEXT>
    <REPTEXT>Sibling Order Number</REPTEXT>
    <SCRTEXT_S>OrderNum</SCRTEXT_S>
    <SCRTEXT_M>Sibling Order Number</SCRTEXT_M>
    <SCRTEXT_L>Sibling Order Number</SCRTEXT_L>
    <DTELMASTER>E</DTELMASTER>
    <REFKIND>D</REFKIND>
    <ABAP_LANGUAGE_VERSION>5</ABAP_LANGUAGE_VERSION>
   </DD04V>
  </asx:values>
 </asx:abap>
</abapGit>
